iteration,word,label,user_input,channel_0,channel_1,channel_2,channel_3,channel_4,channel_5,channel_6,channel_7
milky,1,0,"[198.0, 199.0, 200.0, 201.0, 202.0, 203.0, 204.0, 205.0, 206.0, 207.0, 208.0, 209.0]","[13.383473401751152, 11.802052741037144, 9.999999999998204, 8.2007259993894, 6.356644652169889, 4.775357509879848, 2.900611408938765, 1.6871021990964277, 0.3372027049707249, -0.7588726714448804, -1.813209262128403, -2.9492150012009652]","[6.554207122902085, 14.254615434089828, 21.33221594075651, 27.87982375571661, 33.742618637842156, 41.36505900158505, 45.97544588942306, 46.207705747332895, 50.513353982656355, 46.92666247356382, 45.147880589839616, 42.69432858471342]","[57.30772011120196, 42.90565848682113, 25.144033466825817, 9.060952196018196, 0.28302332671512787, -13.425152470722239, -9.82855797245226, -3.786364566351736, -3.7315317841845967, 13.264530327209584, 28.79988962428567, 45.5141396917655]","[-4.126648017838868, 18.933527962914905, 48.02351263281982, 79.90909124120408, 83.26991153756987, 87.91398051975688, 90.15210305213594, 65.64302556278196, 38.874202720242394, 8.530979921370609, -11.692490040103394, -27.642823306488694]","[123.15179154353092, 80.4792414637282, 39.3593424431352, -1.4779535553873018, -12.15235221566381, -4.429668881920307, 22.34841603307384, 61.025285654461655, 92.52229388737409, 108.2959498812794, 110.9761884918642, 78.22622015602497]","[-10.315270147416868, 24.87553573423957, 84.32825985957271, 145.65208214393783, 153.8121533628733, 114.83386831691033, 49.14118935039491, -8.292576168352966, -16.106196653368073, -0.7841578632651434, 59.89200198003915, 104.3007258691087]","[140.90502639662154, 114.6513384685254, 33.34310754824145, -12.75684083596704, -16.904320445774857, 44.02507540018361, 144.2053744584279, 153.60369482364933, 137.86641678985973, 54.356308477607996, -41.020287604537955, -65.96732818345868]"
